coin,listed,age_days,first_bar_high,peak_since,price_now,peak_vs_entry_pct,now_vs_entry_pct,never_exceeded
NEX,2026-05-20,75,4.126e-06,6.899e-06,1.487e-06,67.2,-64.0,no
CATE,2026-07-27,7,0.007832,0.056132,0.0497,616.7,534.6,no
BTR,2025-08-27,341,0.1275,0.23686,0.02012,85.8,-84.2,no
SIREN,2026-03-23,133,2.6488,3.15439,0.02622,19.1,-99.0,no
GRVT,2026-07-30,4,0.4257,0.3979,0.2574,-6.5,-39.5,yes
TRIA,2026-02-03,181,0.01717,0.05163,0.00829,200.7,-51.7,no
CASHCAT,2026-07-08,26,0.116,0.2325,0.04569,100.4,-60.6,no
Q,2025-09-02,335,0.008588,0.053528,0.021604,523.3,151.6,no
TRUTH,2025-10-01,306,0.015712,0.0521,0.012825,231.6,-18.4,no
HOODRAT,2026-07-11,23,0.01039,0.03567,0.001135,243.3,-89.1,no
O,2026-06-17,47,0.3687,0.9615,0.4788,160.8,29.9,no
CAP,2026-06-26,38,0.02407,0.04622,0.02731,92.0,13.5,no
MAGMA,2025-12-16,230,0.1863,0.8276,0.2534,344.2,36.0,no
ARIA,2025-08-21,347,0.06845,1.0232,0.02741,1394.8,-60.0,no
UAI,2025-11-06,270,0.148,0.6369,0.3708,330.3,150.5,no
WLFI,2025-09-01,336,0.3049,0.3227,0.05455,5.8,-82.1,no
STABLE,2025-12-08,238,0.02835,0.04345,0.03147,53.3,11.0,no
ELIZAOS,2025-11-07,269,0.00908,0.01423,0.000976,56.7,-89.3,no
SN3,2026-03-11,145,0.0301,0.0387,0.00072,28.6,-97.6,no
MITO,2025-08-28,340,0.1539,0.4439,0.0214,188.4,-86.1,no
US,2025-12-11,235,0.0223,0.061421,0.054733,175.4,145.4,no
SAPIEN,2025-08-20,348,0.1985,0.55782,0.0783,181.0,-60.6,no
SENT,2026-01-22,193,0.02255,0.04738,0.01362,110.1,-39.6,no
SLX,2026-05-25,70,0.2105,0.6806,0.0754,223.3,-64.2,no
WET,2025-12-09,237,0.145,0.3395,0.0656,134.1,-54.8,no
INX,2026-01-30,185,0.02271,0.02981,0.00775,31.3,-65.9,no
AT,2025-10-24,283,0.8435,0.85,0.1346,0.8,-84.0,no
YB,2025-10-15,292,0.9226,0.8665,0.0651,-6.1,-92.9,yes
CLO,2025-10-14,293,0.1682,0.9167,0.1311,445.0,-22.1,no
SKY,2025-09-15,322,0.07476,0.08996,0.05549,20.3,-25.8,no
ACU,2026-01-20,195,0.1364,0.3885,0.07867,184.8,-42.3,no
ESP,2026-02-12,172,0.07774,0.192,0.06714,147.0,-13.6,no
NIGHT,2025-12-09,237,0.04146,0.11926,0.01902,187.7,-54.1,no
MARSCOIN,2026-07-30,4,0.03254,0.04959,0.03315,52.4,1.9,no
BP,2026-03-23,133,0.2643,0.7214,0.2932,172.9,10.9,no
BULL,2026-04-13,112,0.009999,0.011043,0.002341,10.4,-76.6,no
CHIP,2026-04-21,104,0.05323,0.13992,0.02437,162.9,-54.2,no
OPG,2026-04-21,104,0.1904,0.486,0.089,155.3,-53.3,no
MIRA,2025-09-26,311,1.547,1.907,0.04108,23.3,-97.3,no
ZKC,2025-09-15,322,1.457,1.504,0.03714,3.2,-97.5,no
NES,2026-06-24,40,0.3365,0.3365,0.1991,0.0,-40.8,yes
BASED,2026-03-30,126,0.1273,0.32681,0.0749,156.7,-41.2,no
UB,2025-09-12,325,0.01782,0.24663,0.18157,1284.0,918.9,no
GENIUS,2026-04-13,112,0.516,0.9661,0.3332,87.2,-35.4,no
GUA,2025-11-27,249,0.1041,1.7034,0.04506,1536.3,-56.7,no
BLESS,2025-09-23,314,0.04729,0.23383,0.018131,394.5,-61.7,no
BTX,2025-12-11,235,0.04345,0.04691,0.03721,8.0,-14.4,no
KITE,2025-11-03,273,0.09934,0.323,0.09124,225.1,-8.2,no
NOM,2025-10-01,306,0.04843,0.056,0.001442,15.6,-97.0,no
HANA,2025-09-26,311,0.2011,0.2345,0.03079,16.6,-84.7,no
OWL,2026-01-15,200,0.06608,0.12611,0.00417,90.8,-93.7,no
COAI,2025-09-25,312,0.5326,20.0469,0.332,3664.0,-37.7,no
BARD,2025-09-18,319,1.063,1.6982,0.1063,59.8,-90.0,no
THQ,2025-12-16,230,0.1458,0.1644,0.02399,12.8,-83.5,no
ROLL,2026-01-16,199,0.08396,0.1887,0.03009,124.7,-64.2,no
CTR,2026-05-26,69,0.03465,0.04453,0.007207,28.5,-79.2,no
SPACE,2026-01-23,192,0.02282,0.02414,0.005879,5.8,-74.2,no
STONKBROKER,2026-07-20,14,0.004334,0.01915,0.015122,341.9,248.9,no
HEMI,2025-08-29,339,0.0218,0.195484,0.004497,796.7,-79.4,no
VEXAI,2026-07-11,23,0.01336,0.01549,0.00303,15.9,-77.3,no
FOLKS,2025-11-06,270,3.159,46.939,2.074,1385.9,-34.3,no
IN,2025-08-07,361,0.08931,0.29845,0.03186,234.2,-64.3,no
AIINU,2026-07-23,11,0.01047,0.01415,0.002493,35.1,-76.2,no
LINEA,2025-09-10,327,0.02727,0.03529,0.002188,29.4,-92.0,no
BRIAN,2026-07-17,17,0.01523,0.01947,0.0002991,27.8,-98.0,no
PONS,2026-07-15,19,0.01284,0.069241,0.027633,439.3,115.2,no
XAN,2025-09-29,308,0.2842,0.26056,0.012493,-8.3,-95.6,yes
BIRB,2026-01-28,187,0.2112,0.4869,0.04578,130.5,-78.3,no
BR,2026-05-11,84,0.14742,0.21357,0.14494,44.9,-1.7,no
BTW,2026-03-02,154,0.007885,0.208,0.09682,2537.9,1127.9,no
PYBOBO,2025-11-21,255,0.0001895,0.0011626,0.0009883,513.5,421.5,no
ASTER,2025-09-19,318,0.6325,2.4353,0.6004,285.0,-5.1,no
MMT,2025-11-04,272,0.3554,6.1892,0.1521,1641.5,-57.2,no
BNKR,2026-02-13,171,0.0008293,0.0009842,0.0003367,18.7,-59.4,no
ASR,2026-03-29,127,1.355,1.397,0.854,3.1,-37.0,no
KET,2026-07-22,12,0.009737,0.019,0.007789,95.1,-20.0,no
ELSA,2026-01-20,195,0.1065,0.4302,0.05392,303.9,-49.4,no
ANSEM,2026-06-28,36,0.0567,0.4576,0.1899,707.1,234.9,no
ON,2025-10-24,283,0.31012,0.40262,0.2348,29.8,-24.3,no
TENDIES,2026-07-16,18,0.01344,0.0333,0.01256,147.8,-6.5,no
ROBO,2026-02-27,157,0.03547,0.06223,0.0117,75.4,-67.0,no
XPL,2025-09-25,312,0.8097,1.6938,0.07535,109.2,-90.7,no
CC,2025-11-10,266,0.1736,0.19626,0.11494,13.1,-33.8,no
EDGE,2026-03-31,125,0.6656,1.547,0.3405,132.4,-48.8,no
BEAT,2025-11-01,275,0.0991,11.5696,3.238,11574.7,3167.4,no
GMEROBINHOOD,2026-07-23,11,0.0001485,0.0001625,4.96e-05,9.4,-66.6,no
KAT,2026-03-18,138,0.01553,0.03092,0.004247,99.1,-72.7,no
STBL,2025-09-16,321,0.12659,0.61295,0.02445,384.2,-80.7,no
BREV,2026-01-06,209,0.4482,0.5462,0.07033,21.9,-84.3,no
CZ,2026-07-05,29,0.07214,0.0857,0.00583,18.8,-91.9,no
PIEVERSE,2025-11-14,262,0.1996,1.7648,0.7638,784.2,282.7,no
JCT,2025-11-10,266,0.007106,0.012594,0.003713,77.2,-47.7,no
KGEN,2025-10-07,300,0.6156,0.7001,0.1829,13.7,-70.3,no
PIPEDOG,2026-07-29,5,0.003958,0.00549,0.002486,38.7,-37.2,no
LIT,2025-12-31,215,2.768,3.291,2.0868,18.9,-24.6,no
BILL,2026-05-04,91,0.03133,0.2365,0.02239,654.9,-28.5,no
ASTEROID,2026-04-17,108,6.247e-05,0.000508,6.59e-05,713.2,5.5,no
GROVE,2026-07-07,27,0.03481,0.03513,0.01097,0.9,-68.5,no
GWEI,2026-01-21,194,0.02488,0.2496,0.01579,903.2,-36.5,no
POLYX,2025-09-16,321,0.13938,0.14355,0.03163,3.0,-77.3,no
USDUC,2026-05-07,88,0.0161,0.02325,0.004954,44.4,-69.2,no
OFC,2026-04-09,116,0.0869,0.0867,0.01062,-0.2,-87.8,yes
2Z,2025-10-02,305,0.7226,1.3128,0.05411,81.7,-92.5,no
DRV,2026-07-14,20,0.1244,0.1523,0.0939,22.4,-24.5,no
EVAA,2025-10-03,304,4.729,13.713,0.8329,190.0,-82.4,no
FF,2025-09-29,308,0.5889,0.5606,0.06449,-4.8,-89.0,yes
FUN,2026-01-15,200,0.001991,0.001998,0.000553,0.4,-72.2,no
GAIB,2025-11-19,257,0.2122,0.2302,0.01628,8.5,-92.3,no
SKYAI,2026-04-30,95,0.31078,0.8674,0.03513,179.1,-88.7,no
ZAMA,2026-02-02,182,0.0422,0.0666,0.05251,57.8,24.4,no
ZKP,2025-12-19,227,0.106,0.2247,0.04513,112.0,-57.4,no
ZBT,2025-10-17,290,0.9975,1.0578,0.11905,6.0,-88.1,no
SOMI,2025-09-02,335,0.683,1.9051,0.0823,178.9,-88.0,no
INDEX,2026-07-15,19,0.006373,0.05089,0.00669,698.5,5.0,no
RIVER,2025-09-22,315,2.9,85.611,2.404,2852.1,-17.1,no
BLUAI,2025-10-21,286,0.02546,0.03768,0.011821,48.0,-53.6,no
LIGHT,2025-09-27,310,0.7477,4.7233,0.1416,531.7,-81.1,no
JUGGERNAUT,2026-07-11,23,0.01653,0.01935,0.00141,17.1,-91.5,no
TAKE,2025-08-25,343,0.04797,0.513,0.03757,969.4,-21.7,no
ARX,2026-06-22,42,0.4201,0.4601,0.149,9.5,-64.5,no
UP,2026-03-13,143,0.07467,0.4436,0.3301,494.1,342.1,no
TRUST,2025-11-05,271,0.63,0.6176,0.05089,-2.0,-91.9,yes
GIGGLE,2025-09-22,315,28.21,289,44.42,924.5,57.5,no
POWER,2025-12-05,241,0.126,2.54848,0.08496,1922.6,-32.6,no
RLS,2025-12-01,245,0.0399,0.03941,0.001683,-1.2,-95.8,yes
LYN,2025-10-06,301,0.6063,0.5747,0.03399,-5.2,-94.4,yes
MET,2025-10-23,284,0.7072,0.6593,0.1592,-6.8,-77.5,yes
RE,2026-06-18,46,0.48006,1.0942,0.3978,127.9,-17.1,no
LAB,2025-10-14,293,0.1273,24.3657,0.1341,19040.4,5.3,no
MEGA,2026-04-30,95,0.1818,0.2124,0.03603,16.8,-80.2,no
IRYS,2025-11-25,251,0.01517,0.07732,0.01577,409.7,4.0,no
ASTEROIDBSC,2026-08-01,2,0.002081,0.004857,0.003087,133.4,48.3,no
PIGGY,2025-10-28,279,1.6,2.749,0.1332,71.8,-91.7,no
WOOD,2026-07-22,12,0.02426,0.026,0.00506,7.2,-79.1,no
0G,2025-09-22,315,3.7367,7.1662,0.1382,91.8,-96.3,no
CYS,2025-12-11,235,0.2474,0.7665,0.2913,209.8,17.7,no
MEZO,2026-04-01,124,0.1627,0.175,0.00797,7.6,-95.1,no
OPN,2026-03-05,151,0.4951,0.4962,0.04789,0.2,-90.3,no
SKR,2026-01-21,194,0.01022,0.04646,0.00645,354.6,-36.9,no
PRL,2026-03-25,131,0.125,0.4484,0.2663,258.7,113.0,no
TRADOOR,2025-09-04,333,0.5137,10.304,0.5467,1905.8,6.4,no
BLEND,2026-04-24,101,0.1414,0.2598,0.06773,83.7,-52.1,no
AKE,2025-08-21,347,0.00046,0.0070934,0.0047636,1442.0,935.6,no
ALLO,2025-11-11,265,0.8793,10,0.2777,1037.3,-68.4,no
BSB,2026-03-04,152,0.1103,2.7,0.1227,2347.9,11.2,no
YOM,2026-06-05,59,0.097,0.1045,0.103,7.7,6.2,no
AZTEC,2026-02-12,172,0.0191,0.03859,0.01383,102.0,-27.6,no
RECALL,2025-10-15,292,0.4234,0.8548,0.04168,101.9,-90.2,no
STAR,2026-05-14,81,0.25337,0.26181,0.09602,3.3,-62.1,no
SHARE,2026-05-08,87,0.4727,0.6598,0.2523,39.6,-46.6,no
FOGO,2026-01-15,200,0.04933,0.06363,0.008291,29.0,-83.2,no
FIGHT,2026-01-22,193,0.0254,0.03469,0.003246,36.6,-87.2,no
HOLO,2025-09-11,326,0.5202,0.7742,0.06697,48.8,-87.1,no
MANTRA,2026-03-05,151,0.02324,0.02392,0.005554,2.9,-76.1,no
EDEN,2025-09-30,307,1.53,1.518,0.03795,-0.8,-97.5,yes
ST,2026-04-15,110,0.11137,0.119,0.01502,6.9,-86.5,no
ZEST,2026-05-19,76,0.0733,0.34992,0.23059,377.4,214.6,no
SENTIS,2025-11-05,271,0.04816,0.55,0.03388,1042.0,-29.7,no
TURTLE,2025-10-22,285,0.2994,0.31,0.04096,3.5,-86.3,no
ENSO,2025-10-14,293,3.289,3.57,0.9546,8.5,-71.0,no
AVNT,2025-09-09,328,0.885,2.6682,0.0785,201.5,-91.1,no
APR,2025-10-23,284,0.2295,0.75013,0.2039,226.9,-11.2,no
