coin,listed,bar_min,peak_at_min,day1_peak_pct,5 min,30 min,1 h,2 h,4 h,8 h,12 h,24 h,48 h,1 week,2 weeks,1 month
NEX,2026-05-20,5,1065,67.2,-16.2,-8.7,-3.9,30.6,29.1,24.9,33.9,45.0,3.2,-12.6,-26.2,-39.2
CATE,2026-07-27,5,100,90.0,-9.8,-6.0,22.3,35.9,-23.4,-29.0,-46.5,,-44.0,395.2,,
BTR,2025-08-27,5,25,7.6,-9.8,-2.9,-10.2,-17.1,-27.6,-36.3,-37.4,-30.9,-43.6,-54.1,-38.0,-22.3
SIREN,2026-03-23,5,340,19.1,-3.1,-4.6,-1.7,-6.7,4.0,14.9,-10.9,-62.5,-32.0,-35.0,-76.9,-73.5
GRVT,2026-07-30,5,0,0.0,-15.8,-17.7,-38.2,-25.0,-47.1,-44.9,-43.6,-39.1,-37.0,,,
TRIA,2026-02-03,5,1400,50.0,-6.6,-5.3,-7.4,-14.5,9.4,-13.9,2.9,31.5,27.3,-12.0,-8.4,0.8
CASHCAT,2026-07-08,5,65,36.4,-18.0,-11.0,22.6,3.2,6.6,-1.2,-16.7,-12.7,36.7,12.6,-50.0,
Q,2025-09-02,5,1275,53.5,-1.2,26.0,27.5,22.8,25.4,4.1,3.5,16.3,4.1,88.8,258.9,276.6
TRUTH,2025-10-01,5,955,32.5,9.0,-4.3,3.0,-20.9,-6.6,-14.1,-8.6,-17.6,-6.0,-11.3,-29.1,-18.3
HOODRAT,2026-07-11,5,515,243.3,-2.4,-15.9,-11.0,-16.7,-11.5,13.4,-17.9,,6.3,-75.3,-92.0,
O,2026-06-17,5,340,108.8,9.4,32.3,43.4,76.2,65.8,74.4,56.7,60.3,104.7,84.3,46.2,59.4
CAP,2026-06-26,5,250,92.0,5.8,5.9,13.2,29.0,51.3,32.1,18.5,34.4,12.1,-10.5,-16.6,-7.6
MAGMA,2025-12-16,5,0,0.0,-11.4,-16.8,-16.1,-11.5,-27.1,-22.2,-27.8,-34.4,-29.3,-21.5,-26.9,-30.2
ARIA,2025-08-21,5,25,18.4,11.9,9.5,-2.1,-9.6,-10.1,-25.5,-11.4,-36.0,-26.9,10.5,45.1,134.1
UAI,2025-11-06,5,200,73.9,-6.6,19.8,-3.1,11.8,29.3,-15.4,-82.6,-32.4,19.8,23.6,35.7,-12.6
WLFI,2025-09-01,5,80,5.8,-5.4,2.2,-2.0,-11.9,-21.6,-29.3,-22.8,-21.4,-27.0,-31.1,-29.1,-34.2
STABLE,2025-12-08,5,0,0.0,-12.5,-19.6,-31.0,-33.5,-19.4,-25.2,-25.0,-40.0,-22.3,-47.6,-62.6,-45.9
ELIZAOS,2025-11-07,5,10,52.4,22.2,9.9,31.2,37.8,24.6,5.7,7.2,13.6,-1.6,-1.5,-11.7,-31.5
SN3,2026-03-11,5,65,28.6,-4.9,8.4,19.4,2.8,-24.8,-48.4,-53.4,-66.2,-83.5,-92.1,-94.9,-97.0
MITO,2025-08-28,5,1195,112.8,-30.9,-39.8,-35.0,-34.9,-10.4,35.5,35.1,84.3,34.0,12.5,31.2,4.9
US,2025-12-11,5,1305,19.1,-14.4,-20.6,-19.3,-29.4,-24.0,-13.3,-4.4,-2.9,-26.2,-46.9,-48.8,-64.1
SAPIEN,2025-08-20,5,355,26.5,-4.6,-24.6,-28.7,-16.7,-2.0,16.9,11.9,-8.9,16.0,-25.2,-21.8,20.3
SENT,2026-01-22,5,630,50.1,-4.5,20.7,7.7,-0.0,10.3,34.4,34.3,16.2,23.3,40.5,40.6,1.8
SLX,2026-05-25,5,20,12.8,2.6,2.3,1.3,-14.6,-3.0,-1.6,-19.1,-12.4,2.5,42.9,-17.1,28.6
WET,2025-12-09,5,1315,134.1,3.9,5.2,5.0,-3.7,0.7,20.5,30.4,103.2,38.8,39.5,61.1,19.2
INX,2026-01-30,5,170,3.3,-14.3,-13.6,-4.2,-7.8,-5.1,-21.1,-23.1,-37.1,-32.5,-47.5,-38.1,-50.6
AT,2025-10-24,5,5,0.8,-11.2,-37.9,-42.3,-45.5,-50.9,-48.6,-51.3,-55.5,-51.3,-58.9,-59.0,-62.5
YB,2025-10-15,5,0,0.0,-9.5,-12.7,-20.6,-27.9,-27.6,-24.0,-23.9,-36.7,-48.2,-60.1,-34.0,-55.3
CLO,2025-10-14,5,1065,404.0,-4.8,0.5,0.3,20.3,133.3,144.5,204.4,280.7,148.4,100.2,76.1,26.5
SKY,2025-09-15,5,240,0.0,-0.6,-1.1,-1.9,-1.4,-0.5,-2.0,-3.2,-3.3,-1.4,-13.1,-9.7,-16.3
ACU,2026-01-20,5,55,7.5,-2.7,-11.8,-0.5,-21.2,-19.8,-38.5,-27.5,-39.6,-6.4,57.9,14.4,-25.1
ESP,2026-02-12,5,215,9.8,-0.0,-4.9,-9.3,1.8,1.2,-6.5,-9.0,-26.0,-22.1,-3.3,87.2,26.6
NIGHT,2025-12-09,5,1430,37.6,-14.5,-25.5,-14.5,-16.7,-6.0,-2.4,7.6,31.9,8.0,33.4,84.1,81.2
MARSCOIN,2026-07-30,5,930,43.6,-3.6,-10.7,-7.2,11.0,-2.8,-4.1,10.4,,28.5,,,
BP,2026-03-23,5,100,2.6,0.1,-9.5,-8.3,-3.9,-15.9,-17.7,-15.1,-23.1,-26.1,-39.1,-43.1,-45.3
BULL,2026-04-13,5,10,0.3,-2.7,-18.2,-14.3,-20.3,-14.2,-19.8,-21.1,-28.1,-33.8,-58.1,-59.5,-43.9
CHIP,2026-04-21,5,1440,102.8,-9.1,0.5,-14.7,10.3,6.8,9.6,5.8,99.7,88.0,31.1,8.1,-8.7
OPG,2026-04-21,5,815,155.3,3.1,-5.6,4.4,24.4,24.2,33.4,107.3,101.4,95.8,47.9,43.4,25.4
MIRA,2025-09-26,5,70,23.3,9.0,0.6,5.4,1.9,-9.7,-10.5,-6.2,-12.2,-31.7,-60.2,-71.6,-78.4
ZKC,2025-09-15,5,5,3.2,-4.2,-16.2,-17.8,-36.4,-37.5,-35.4,-36.7,-45.0,-49.6,-52.9,-64.5,-87.2
NES,2026-06-24,5,0,0.0,-16.7,-22.7,-22.3,-5.4,-9.1,-21.0,-18.8,-21.7,-46.0,-44.1,-13.0,-24.6
BASED,2026-03-30,5,100,33.5,1.1,18.3,0.3,-13.8,-6.4,-10.9,-5.5,-7.4,-29.7,-50.4,-49.4,-0.4
UB,2025-09-12,5,545,75.3,3.1,-13.0,-5.7,-8.3,15.9,57.4,39.4,58.0,174.6,76.4,68.9,87.9
GENIUS,2026-04-13,5,425,15.4,-7.8,-8.0,-9.9,-0.2,-12.6,2.7,-1.8,,45.1,7.7,8.5,-6.8
GUA,2025-11-27,5,985,43.8,-8.0,-11.6,-7.6,-6.9,15.4,19.5,21.5,20.7,19.8,-10.7,0.7,14.5
BLESS,2025-09-23,5,1030,129.0,-16.5,18.2,4.8,4.3,16.7,93.8,58.4,45.6,-9.8,-46.2,16.0,-27.8
BTX,2025-12-11,5,180,8.0,-3.1,-17.0,-13.0,-15.4,-12.7,-16.3,-6.9,-32.4,-50.3,-74.1,-76.4,-77.6
KITE,2025-11-03,5,20,1.0,-13.0,-14.6,-22.0,-19.2,-22.1,-26.6,-29.0,-34.0,-13.2,-15.1,-18.7,-1.4
NOM,2025-10-01,5,85,15.6,-0.9,1.8,-4.6,-17.0,-11.7,-11.8,-13.8,-18.1,-24.2,-36.3,-58.3,-62.4
GAIN,2025-09-24,5,10,11.0,0.8,-4.8,-5.3,-12.5,-6.3,-24.8,-89.8,,,,,
HANA,2025-09-26,5,20,16.6,1.7,-34.5,-60.9,-71.4,-74.4,-72.9,-71.5,-70.9,-69.9,-79.9,-68.7,-72.3
OWL,2026-01-15,5,1415,90.8,-18.6,-12.8,-6.3,-24.1,-12.0,-2.5,7.7,82.9,59.8,25.0,-3.0,-80.2
COAI,2025-09-25,5,5,2.4,-3.0,-11.2,-37.7,-45.6,-51.9,-58.8,-54.7,-66.4,-69.5,-24.9,868.4,1435.8
BARD,2025-09-18,5,115,17.4,9.2,-2.0,6.7,8.8,-3.6,-0.3,-1.2,-12.2,-6.8,-1.1,-16.7,-40.8
THQ,2025-12-16,5,15,12.8,-8.4,0.8,-36.7,-37.4,-32.6,-31.4,-40.5,-51.2,-70.6,-53.9,-71.1,-71.4
ROLL,2026-01-16,5,205,13.2,1.0,-2.5,-0.5,1.0,-4.7,2.6,-4.6,5.0,36.2,54.7,38.6,10.0
CTR,2026-05-26,5,5,28.5,-8.4,-24.1,-31.4,-26.2,-47.1,-41.6,-46.8,-42.8,-53.1,-50.6,-56.2,-71.9
SPACE,2026-01-23,5,10,5.8,-7.1,-17.1,-24.6,-20.9,-31.9,-22.2,-21.5,-24.1,-18.6,-62.3,-77.3,-51.0
STONKBROKER,2026-07-20,5,105,35.6,5.1,23.7,14.3,13.7,15.0,2.5,-12.1,-17.0,-25.0,45.1,272.6,
HEMI,2025-08-29,5,25,50.5,17.2,26.2,3.0,5.6,18.2,25.1,-0.6,-5.8,16.8,57.1,86.5,398.0
VEXAI,2026-07-11,5,15,15.9,5.0,4.7,-1.5,-3.9,-14.4,-22.0,-39.6,,-61.8,-59.0,-63.6,
FOLKS,2025-11-06,5,180,164.4,2.6,15.0,37.2,37.2,47.5,42.2,31.4,35.2,147.2,98.8,125.0,248.3
IN,2025-08-07,5,540,9.9,-2.0,-3.2,-1.4,-0.5,2.8,0.8,-1.2,,14.8,14.1,-13.7,-37.8
AIINU,2026-07-23,5,315,35.1,-5.1,-11.1,-9.1,-13.3,-1.9,-11.3,-27.0,,-40.5,-53.6,,
LINEA,2025-09-10,5,50,19.0,-4.5,-4.3,2.8,12.0,-7.2,-16.4,-11.6,-15.9,-18.3,-9.7,7.9,-14.7
BRIAN,2026-07-17,5,85,27.8,0.3,3.0,10.0,5.4,-13.0,-26.2,-50.8,-89.7,-84.7,-94.3,-95.4,
PONS,2026-07-15,5,75,53.8,-6.2,28.3,33.4,15.3,4.9,-24.5,-16.9,-30.9,-57.9,206.0,225.4,
XAN,2025-09-29,5,0,0.0,-52.2,-48.9,-47.1,-47.4,-19.2,-21.7,-19.0,-48.2,-56.5,-61.3,-86.2,-86.7
BIRB,2026-01-28,5,480,130.5,-12.9,-16.3,12.2,13.2,34.7,110.3,67.9,39.2,8.9,32.3,5.7,-24.0
BR,2026-05-11,5,120,4.5,-0.4,-0.2,0.1,3.2,-0.8,-3.2,-4.2,-3.4,0.8,-13.0,-15.5,-26.8
BTW,2026-03-02,5,15,19.9,2.6,2.9,0.1,2.3,-2.9,3.0,-4.3,13.8,37.8,214.5,251.2,157.4
PYBOBO,2025-11-21,5,110,389.7,4.0,34.2,108.8,244.9,168.0,221.2,226.7,219.8,225.6,200.7,244.3,290.6
ASTER,2025-09-19,5,1415,55.5,-1.5,-8.8,-4.2,1.3,-3.7,-8.3,1.0,48.7,182.8,188.0,195.4,85.8
MMT,2025-11-04,5,545,1641.5,3.8,14.4,18.3,139.2,104.8,322.5,619.0,206.2,67.7,36.9,-13.6,-29.2
BNKR,2026-02-13,5,540,18.7,-0.5,0.8,3.8,5.9,-0.9,8.1,8.9,-5.0,-20.8,-24.0,-26.9,-43.5
ASR,2026-03-29,5,30,1.3,-0.9,0.9,-0.5,-2.6,-3.8,-6.5,-6.7,-3.5,-6.0,-8.9,-8.5,-4.7
KET,2026-07-22,5,65,33.2,1.5,19.0,28.5,6.8,18.2,,,,36.6,-22.3,,
ELSA,2026-01-20,5,85,53.2,-13.2,-2.0,15.1,22.9,16.8,24.5,24.8,38.3,124.6,9.5,-16.5,-33.2
ANSEM,2026-06-28,5,1160,116.6,15.0,-8.5,-11.1,20.4,53.2,44.4,55.4,86.2,117.3,422.4,261.4,185.5
ON,2025-10-24,5,90,29.8,-2.5,-2.9,18.2,20.8,5.0,-14.5,-23.6,-13.3,-19.7,-56.8,-62.4,-65.6
TENDIES,2026-07-16,5,185,47.5,-3.2,6.1,8.5,12.1,15.0,6.6,-11.0,27.8,70.3,-18.3,7.9,
ROBO,2026-02-27,5,1035,32.1,0.7,-1.0,0.2,20.1,13.1,-1.3,6.9,6.3,4.3,8.9,12.8,-32.9
XPL,2025-09-25,5,630,79.2,-1.9,-4.1,-7.4,-8.4,9.1,51.6,57.6,44.5,79.7,24.5,-7.5,-53.9
CC,2025-11-10,5,0,0.0,-20.6,-15.6,-13.5,-13.0,-14.0,-16.9,-31.4,-35.6,-23.7,-36.7,-51.5,-57.7
EDGE,2026-03-31,5,70,12.4,-10.0,-2.5,6.4,-0.6,-2.6,0.9,-2.0,-5.6,2.5,53.9,44.5,79.9
BEAT,2025-11-01,5,120,15.0,-17.5,-14.7,-2.3,9.5,2.7,-8.6,-24.4,-24.3,3.3,32.3,396.0,852.2
GMEROBINHOOD,2026-07-23,5,135,9.4,-4.2,-3.4,-1.6,0.3,-20.7,-56.0,-50.0,-30.0,-32.5,-72.1,,
KAT,2026-03-18,5,40,3.8,-3.4,-1.5,-8.8,-25.1,-21.4,-21.7,-27.9,-32.7,-29.5,-32.1,-35.8,-39.9
STBL,2025-09-16,5,910,89.6,-5.8,28.2,2.3,-12.7,-14.5,-17.6,12.2,26.6,38.0,204.6,166.3,-1.2
BREV,2026-01-06,5,970,21.9,-7.8,-16.7,-16.7,-13.9,-21.3,-27.3,-14.7,6.6,-12.2,-25.9,-42.5,-69.1
CZ,2026-07-05,5,45,18.8,-2.6,9.9,-2.5,-2.5,-33.5,-55.5,-37.8,,-22.9,-88.2,-82.0,
PIEVERSE,2025-11-14,5,1390,29.0,-3.5,-17.2,-8.7,-26.9,-28.3,-39.4,-32.3,11.1,68.4,99.3,68.8,84.9
JCT,2025-11-10,5,40,77.2,-3.4,24.0,21.1,13.1,12.9,-3.9,-0.1,-27.7,-37.7,-30.6,-55.8,-70.3
KGEN,2025-10-07,5,5,3.4,-10.5,-38.3,-40.5,-56.6,-60.0,-59.3,-55.5,-61.6,-76.0,-58.7,-52.8,-58.9
PIPEDOG,2026-07-29,5,575,38.7,-8.2,-14.0,-15.8,-15.0,-19.3,15.4,-3.3,,-40.1,,,
LIT,2025-12-31,5,100,2.2,-0.3,0.3,0.2,0.2,-5.9,-8.8,-8.6,-9.7,-2.2,7.0,-18.6,-41.7
BILL,2026-05-04,5,930,45.0,-12.9,-7.3,-0.1,-0.6,10.4,25.4,20.8,25.5,88.5,293.7,359.1,169.3
ASTEROID,2026-04-17,5,75,18.5,-0.9,5.9,4.3,-13.8,-23.3,-23.7,-19.1,-46.7,454.3,375.5,485.4,489.7
GROVE,2026-07-07,5,5,0.9,-2.0,-11.3,-10.2,-15.6,-12.2,-8.0,-24.2,-19.6,-30.4,-55.4,-66.6,
GWEI,2026-01-21,5,95,39.1,-9.4,7.1,12.0,23.9,13.3,15.6,11.8,-11.5,-11.1,9.1,24.1,12.3
POLYX,2025-09-16,5,200,3.0,-0.0,-0.2,0.2,0.4,0.8,-1.3,-1.4,-4.4,-1.3,-9.8,-19.0,-34.2
USDUC,2026-05-07,5,45,44.4,-1.6,6.1,13.5,-1.8,10.7,-23.7,-33.6,,-29.3,-54.1,-66.2,-69.4
OFC,2026-04-09,5,0,0.0,-11.1,-24.0,-16.8,-29.7,-44.7,-47.6,-48.9,-47.9,-45.1,-43.8,-31.5,-38.2
2Z,2025-10-02,5,30,81.7,10.5,47.9,-1.3,-28.0,-23.2,-12.5,-17.2,-27.3,-31.2,-45.9,-64.1,-75.0
DRV,2026-07-14,5,150,22.4,4.9,12.3,8.9,19.1,,,,,6.0,-4.6,-18.5,
EVAA,2025-10-03,5,740,56.7,-3.5,-6.7,-5.7,-2.6,9.5,31.9,48.8,24.4,-21.6,-28.1,-19.5,35.7
FF,2025-09-29,5,0,0.0,-11.3,-24.1,-25.4,-45.6,-55.0,-53.7,-60.5,-70.3,-63.6,-69.5,-71.1,-76.4
FUN,2026-01-15,5,0,0.0,-1.7,-2.8,-2.7,-3.2,-3.8,-4.9,-3.5,-4.4,-0.5,-21.6,-33.9,-35.3
GAIB,2025-11-19,5,10,8.5,3.1,-11.3,-6.5,-20.4,-19.0,-24.3,-20.1,-17.2,-66.6,-67.0,-76.4,-80.9
SKYAI,2026-04-30,5,1420,23.5,-3.8,-4.4,-4.9,-3.3,-4.7,2.7,6.6,20.4,32.7,153.4,40.6,-36.3
ZAMA,2026-02-02,5,0,0.0,-9.7,-4.0,-23.2,-22.7,-22.7,-18.9,-18.9,-26.1,-27.9,-36.7,-46.1,-53.8
ZKP,2025-12-19,5,40,45.6,-9.1,34.3,26.9,14.3,19.8,-0.2,-1.8,-8.5,8.8,43.3,15.5,29.2
ZBT,2025-10-17,5,5,6.0,-10.0,-29.3,-26.1,-46.5,-51.8,-60.4,-59.1,-59.0,-65.9,-73.8,-80.9,-86.8
SOMI,2025-09-02,5,0,0.0,-21.4,-32.7,-34.0,-32.0,-32.7,-29.2,-29.6,-26.2,-42.9,72.0,105.0,21.1
INDEX,2026-07-15,5,75,296.8,62.8,124.7,191.6,214.7,151.6,168.5,102.2,138.7,367.7,113.4,13.4,
RIVER,2025-09-22,5,0,0.0,-15.3,-35.5,-46.6,-43.5,-37.8,-43.6,-35.9,-39.6,-19.6,-22.9,-9.8,138.4
BLUAI,2025-10-21,5,325,30.0,5.1,-1.5,-2.4,-14.0,-9.8,-2.2,-18.1,-11.2,-18.0,-26.7,-48.2,-67.1
LIGHT,2025-09-27,5,65,77.6,0.1,45.7,74.2,47.6,23.9,2.1,3.6,16.1,11.2,14.2,17.1,184.7
JUGGERNAUT,2026-07-11,5,100,6.9,-1.9,-4.9,-11.0,-10.7,-16.1,-19.1,-16.0,,-8.7,-79.1,-87.0,
TAKE,2025-08-25,5,775,70.9,-0.1,19.4,8.2,7.0,1.0,8.3,30.3,50.9,66.0,104.6,375.3,290.4
ARX,2026-06-22,5,930,9.5,-9.0,-22.7,-15.8,-23.1,-37.2,-28.0,-29.1,-13.9,-33.8,-37.4,-48.9,-61.3
UP,2026-03-13,5,935,11.4,-5.9,-7.8,-24.6,-15.4,-21.3,-17.9,-25.1,-3.8,-25.8,64.0,119.3,166.0
TRUST,2025-11-05,5,0,0.0,-10.5,-26.2,-33.6,-24.1,-59.8,-62.1,-63.7,-64.8,-68.9,-73.2,-82.3,-77.0
GIGGLE,2025-09-22,5,400,70.2,0.8,16.8,0.8,-15.9,-11.3,49.7,5.8,,-10.7,-13.0,238.6,330.9
POWER,2025-12-05,5,1385,103.0,-0.8,-3.1,-7.2,-13.3,-8.6,-15.9,-13.7,72.8,53.3,71.5,102.0,143.9
RLS,2025-12-01,5,0,0.0,-18.0,-16.6,-20.8,-47.1,-60.8,-42.0,-41.8,-25.0,-35.1,-58.0,-58.9,-72.4
LYN,2025-10-06,5,0,0.0,-10.1,-22.1,-47.0,-43.0,-38.3,-50.7,-49.4,-51.8,-52.0,-71.3,-79.1,-82.7
MET,2025-10-23,5,0,0.0,-13.9,-13.7,-13.8,-19.1,-24.0,-23.9,-20.8,-18.4,-25.3,-33.7,-50.3,-56.5
RE,2026-06-18,5,1410,71.3,2.6,-6.0,-14.1,-14.1,0.1,-2.1,-6.8,59.3,97.4,13.0,39.2,-17.3
LAB,2025-10-14,5,80,11.1,0.7,4.4,4.7,3.1,-8.6,,,,67.1,70.4,29.9,1.1
MEGA,2026-04-30,5,45,16.8,-0.6,0.0,-8.5,-3.6,-7.6,-18.5,-9.9,-16.5,-18.7,-33.0,-43.7,-65.7
IRYS,2025-11-25,5,580,125.7,-13.3,-13.2,10.7,24.4,47.5,76.0,98.2,79.6,204.0,116.9,144.4,102.5
ASTEROIDBSC,2026-08-01,5,290,133.4,-13.7,58.6,50.9,30.8,68.8,67.4,34.8,,37.9,,,
PIGGY,2025-10-28,5,1080,68.8,8.6,1.2,-0.5,-0.6,-8.1,-1.8,3.5,40.5,19.3,1.5,-34.2,-61.0
WOOD,2026-07-22,5,230,7.2,-3.8,-5.6,-8.5,-7.7,4.7,-11.0,-7.2,,-28.4,-84.5,,
0G,2025-09-22,5,1005,91.8,-13.6,-11.7,-9.7,35.2,33.6,30.0,21.0,55.2,34.7,-6.5,-17.8,-51.2
CYS,2025-12-11,5,1395,12.7,7.6,7.0,7.9,-6.2,-5.9,-15.3,-13.3,6.6,11.3,13.1,7.3,60.2
MEZO,2026-04-01,5,5,7.6,-41.1,-43.2,-57.5,-60.7,-62.1,-61.8,-59.0,-61.8,-68.7,-79.7,-52.4,-76.1
OPN,2026-03-05,5,75,0.2,-3.2,-7.9,-7.2,-8.9,-15.2,-29.7,-25.9,-26.3,-39.2,-37.0,-45.7,-61.5
SKR,2026-01-21,5,1440,191.1,-36.3,-25.6,-14.4,9.4,10.1,16.2,10.6,185.5,326.1,149.8,83.9,98.4
PRL,2026-03-25,5,1230,104.3,-8.0,3.8,0.6,13.0,28.6,25.3,23.5,64.8,39.0,23.5,47.4,67.5
TRADOOR,2025-09-04,5,1005,271.8,18.7,9.6,38.2,101.9,145.1,146.4,152.7,185.0,213.9,299.5,295.0,519.2
BLEND,2026-04-24,5,30,21.9,-7.9,-1.0,0.2,-5.0,-41.3,-26.9,-21.0,-24.9,-33.1,-15.0,-13.5,-26.9
AKE,2025-08-21,5,10,19.5,11.7,7.8,-11.9,-5.0,4.0,-4.1,-2.6,-5.8,-5.5,15.9,82.2,218.9
ALLO,2025-11-11,5,120,1037.3,-12.3,-11.2,-12.1,-22.4,-39.5,-41.3,-52.0,-49.6,-68.4,-80.1,-81.0,-84.7
BSB,2026-03-04,5,140,39.6,-3.3,-4.0,5.6,11.6,19.0,3.1,6.3,18.6,10.0,38.2,4.6,96.8
YOM,2026-06-05,5,135,6.0,-9.8,-32.3,-21.6,1.4,0.8,-5.8,0.8,1.4,-4.9,-2.5,-13.8,-7.7
AZTEC,2026-02-12,5,210,27.0,-8.3,-2.5,8.7,4.1,16.4,7.3,3.5,13.2,17.8,-3.2,28.6,19.3
RECALL,2025-10-15,5,145,101.9,9.9,19.1,59.7,58.3,42.8,34.2,13.8,-11.5,-33.8,-14.6,-11.1,-65.3
STAR,2026-05-14,5,910,3.3,-2.8,-5.5,-5.9,-14.1,-12.9,-9.8,-12.8,-26.9,-31.0,-34.1,-40.2,-40.6
SHARE,2026-05-08,5,75,39.6,-2.9,6.6,30.0,16.8,15.5,22.3,13.2,18.3,-3.2,-43.9,-46.3,-58.9
FOGO,2026-01-15,5,140,29.0,-8.4,-8.5,-5.8,-0.3,8.3,-6.2,-0.8,-14.6,-25.4,-39.6,-26.2,-53.4
FIGHT,2026-01-22,5,15,36.6,4.7,-2.6,10.1,3.4,-5.4,-0.0,-4.5,-5.0,-6.5,-24.1,-70.8,-71.6
HOLO,2025-09-11,5,75,48.8,-7.9,11.3,25.4,-9.5,-4.3,-14.5,-10.3,-13.3,-19.8,-26.3,-46.8,-73.8
MANTRA,2026-03-05,5,90,2.9,-0.4,-0.3,1.2,0.4,-6.4,-8.4,-7.9,-14.4,-25.8,-31.1,-40.1,-54.4
EDEN,2025-09-30,5,0,0.0,-12.6,-18.7,-25.0,-44.1,-67.2,-73.1,-74.8,-72.7,-73.8,-77.5,-90.1,-91.1
ST,2026-04-15,5,20,6.9,1.4,2.1,-9.3,-5.5,-3.5,-15.7,-21.0,,-50.5,-39.0,-43.0,-47.2
ZEST,2026-05-19,5,820,132.5,-5.7,48.6,25.9,97.2,55.1,89.7,97.9,103.1,76.9,157.1,105.5,264.4
SENTIS,2025-11-05,5,0,0.0,-8.8,-12.3,-20.2,-22.1,-23.5,-20.4,-23.1,-26.3,-35.0,-38.6,-25.1,101.4
TURTLE,2025-10-22,5,110,3.5,-7.9,-11.4,-12.6,-29.1,-34.8,-32.4,-38.9,-44.6,-42.4,-52.8,-68.9,-72.5
ENSO,2025-10-14,5,470,8.5,-9.1,-32.0,-34.0,-29.9,-31.7,-1.1,-9.5,-24.1,-28.9,-48.9,-44.4,-69.4
AVNT,2025-09-09,5,0,0.0,-49.1,-54.1,-70.1,-78.2,-75.6,-69.7,-73.5,-64.7,-65.8,10.7,148.4,-7.0
APR,2025-10-23,5,1120,226.9,16.6,71.7,49.8,24.6,45.9,72.3,80.9,171.0,69.5,12.6,9.2,4.7
